id;payload;date_upload;user_id;status;file_join;person_id;raison_social;ancien_numero_ipres;annee;regime
1;../fake-data/blob/hipster.txt;2020-10-19;13547;true;../fake-data/blob/hipster.txt;Awesome salmon;paradigms Tasty SCSI;Open-source;78245;Guyana Dollar Metal
2;../fake-data/blob/hipster.txt;2020-10-20;49870;true;../fake-data/blob/hipster.txt;Applications Rubber visionary;Nauru Solomon Islands;Auto Loan Account;55160;Germany
3;../fake-data/blob/hipster.txt;2020-10-20;59575;true;../fake-data/blob/hipster.txt;New Mexico Heard Island and McDonald Islands copying;input;parsing;41031;encompassing metrics lime
4;../fake-data/blob/hipster.txt;2020-10-20;98389;true;../fake-data/blob/hipster.txt;Metal application;hacking connect;infrastructure Central;96135;structure Ameliorated
5;../fake-data/blob/hipster.txt;2020-10-19;65623;false;../fake-data/blob/hipster.txt;transmitting South Carolina Garden;quantifying;online Central Metal;94275;Executive integrate
6;../fake-data/blob/hipster.txt;2020-10-20;96061;false;../fake-data/blob/hipster.txt;Intranet bus payment;Wooden;Colombia;88273;back-end
7;../fake-data/blob/hipster.txt;2020-10-20;15808;false;../fake-data/blob/hipster.txt;killer Checking Account Auto Loan Account;withdrawal back up technologies;reboot New Leu;43500;customized
8;../fake-data/blob/hipster.txt;2020-10-20;1304;false;../fake-data/blob/hipster.txt;Tennessee;Customer-focused aggregate;transitional Alley Moroccan Dirham;60727;Customer monitor
9;../fake-data/blob/hipster.txt;2020-10-20;58394;false;../fake-data/blob/hipster.txt;Representative;Circles Springs View;Analyst stable Analyst;56418;virtual Handmade HTTP
10;../fake-data/blob/hipster.txt;2020-10-20;59633;false;../fake-data/blob/hipster.txt;mobile;wireless olive;Malagasy Ariary;4191;Movies IB info-mediaries
