id;uuid;type_identifiant;id_identifiant;type_declaration;debut_cotisation;fin_cotisation;address;process_flow_id;raison_sociale;create_at;is_uploaded;file_url;numero_unique;i_pdidtraitement;details;status;file_name;is_read;owner_id;reponse_brute;code_agence_css;code_agence_ipres
1;Agent purple Soap;RSS;Tasty;Developer;2020-12-16T08:01:01;2020-12-15T23:22:09;Comoros Self-enabling Games;Greens;Intelligent Steel Soap;2020-12-16T02:37:58;false;Licensed;Ergonomic Concrete Table Fantastic Industrial;encoding Indiana;../fake-data/blob/hipster.txt;Gibraltar Pound;circuit Borders Gorgeous Wooden Pants;true;81229;../fake-data/blob/hipster.txt;strategic Sri Lanka;revolutionary
2;open system synergistic haptic;Rustic Handmade;streamline Auto Loan Account;overriding convergence;2020-12-15T20:38:26;2020-12-16T08:18:00;compressing salmon;deposit Bangladesh;scalable Circle;2020-12-16T10:15:20;false;purple time-frame Cape Verde;eco-centric e-tailers Wooden;invoice Credit Card Account;../fake-data/blob/hipster.txt;demand-driven next-generation data-warehouse;Sleek Handcrafted;false;81759;../fake-data/blob/hipster.txt;Decentralized compressing;deposit Object-based
3;payment Auto Loan Account Avon;Pants Implementation;Rustic Cotton Computer;Generic Steel Towels Turkmenistan moderator;2020-12-16T07:16:25;2020-12-16T10:00:06;Architect client-driven connect;Salad Belgium Cambodia;workforce;2020-12-15T14:45:00;true;models Arkansas core;Gorgeous Soft Mouse;portals;../fake-data/blob/hipster.txt;infrastructures Intelligent Soft Salad;Knoll American Samoa Music;false;85677;../fake-data/blob/hipster.txt;Forward International Avon;e-business
4;bandwidth-monitored;Row contextually-based Awesome Granite Keyboard;transmitter;enhance intangible;2020-12-15T13:27:47;2020-12-15T20:49:48;plug-and-play;SCSI;Ameliorated;2020-12-15T12:53:49;false;maroon;Burgs Fiji Dollar;bluetooth;../fake-data/blob/hipster.txt;Central Texas Tasty;red digital Sri Lanka Rupee;true;92046;../fake-data/blob/hipster.txt;networks Sausages Rubber;Mews Pass Swedish Krona
5;Credit Card Account utilize invoice;Incredible Minnesota;turn-key Island FTP;Cook Islands Berkshire connecting;2020-12-15T22:20:00;2020-12-16T07:15:02;Pitcairn Islands;Virginia;Squares Direct;2020-12-16T09:30:10;true;clear-thinking Enterprise-wide;explicit;Bike;../fake-data/blob/hipster.txt;Fiji Nebraska;Bedfordshire;true;23032;../fake-data/blob/hipster.txt;transmitting Virgin Islands, U.S. Incredible;Beauty
6;Rubber JBOD;Analyst Seamless Open-source;SCSI Chief;EXE Small;2020-12-16T10:38:26;2020-12-16T06:04:58;auxiliary Customer;portals;azure Tasty Granite Mouse;2020-12-16T05:39:00;true;Tasty Granite Shirt;Route Gorgeous;synthesizing structure Turkish Lira;../fake-data/blob/hipster.txt;multi-byte Books Research;calculating Clothing;true;53746;../fake-data/blob/hipster.txt;Synergistic Credit Card Account seamless;Arizona withdrawal Multi-channelled
7;USB ADP;Rand Loti Cambridgeshire;North Korean Won;Accounts California product;2020-12-16T03:13:34;2020-12-16T03:42:43;payment Skyway frictionless;parse;Ergonomic Dynamic granular;2020-12-16T12:29:40;true;National;Specialist;payment Rhode Island;../fake-data/blob/hipster.txt;Ergonomic Drive Sports;enable;true;61627;../fake-data/blob/hipster.txt;leverage Licensed Frozen Mouse;plum Table
8;Plastic Soft Tactics;Chicken;white Concrete hack;Automotive;2020-12-15T16:21:08;2020-12-15T22:50:37;circuit;card Investment Account;Awesome Wooden Salad;2020-12-16T00:51:19;true;maroon;Investment Account grow;De-engineered actuating Concrete;../fake-data/blob/hipster.txt;Global networks;Plastic orange;false;54034;../fake-data/blob/hipster.txt;Algerian Dinar system;visualize Pass
9;compress;Mobility Chair Florida;Health protocol payment;Paradigm Incredible Steel Keyboard Awesome;2020-12-15T15:56:05;2020-12-16T03:57:07;Liechtenstein;navigate;RAM;2020-12-15T23:43:53;false;haptic;User-friendly payment;mobile;../fake-data/blob/hipster.txt;Cambridgeshire;Security;false;12705;../fake-data/blob/hipster.txt;mint green;pixel Circle
10;Burundi Franc real-time Borders;application;Factors Fish Handmade Plastic Soap;SSL;2020-12-15T18:52:09;2020-12-15T20:06:00;digital;Regional Intelligent Frozen Chips;optical Buckinghamshire;2020-12-15T13:56:38;true;tan;Computer Jewelery Tools;Credit Card Account;../fake-data/blob/hipster.txt;panel;efficient FTP;true;41441;../fake-data/blob/hipster.txt;Buckinghamshire infomediaries;Nebraska Division Savings Account
