id;numero_unique;numero_cni;prenom;nom;telephone;email;sexe;date_nais;lieu_nais;active;user_id;agent_id;extra_infos;created_at;last_update_at
1;redundant Adaptive;Wyoming Zimbabwe bandwidth;wireless;Refined;118.503.4435;Pansy_Weissnat@hotmail.com;24/7;2022-02-18;Architect;true;42507;10731;../fake-data/blob/hipster.txt;2022-02-18T05:58:28;2022-02-18T00:00:17
2;solid state Sports;high-level Metal;viral Identity Centralized;Credit Card Account cutting-edge transmitting;(160) 166-3300 x58502;Oliver_Flatley79@yahoo.com;Principal Iowa;2022-02-18;Cheese models Virginia;false;63091;49684;../fake-data/blob/hipster.txt;2022-02-18T08:43:36;2022-02-17T18:44:17
3;SQL 4th generation;strategize Towels e-business;open-source copy Falkland Islands Pound;backing up cultivate transmit;1-777-469-4011 x6940;Aubree_Harris82@gmail.com;iterate Path Direct;2022-02-18;Refined Granite Bike Personal Loan Account;true;8946;70572;../fake-data/blob/hipster.txt;2022-02-18T08:42:18;2022-02-18T01:37:17
4;Avon auxiliary;alarm Dynamic Tuna;Toys Savings Account Buckinghamshire;holistic Practical Cotton Chicken;(793) 468-2977;Rose97@hotmail.com;Quetzal Central bleeding-edge;2022-02-18;Cheese North Carolina Unbranded Soft Gloves;true;59330;85980;../fake-data/blob/hipster.txt;2022-02-17T17:58:02;2022-02-17T20:18:53
5;Granite quantifying;Steel Automated e-business;deploy Reduced;Central connecting;761-476-5254 x4932;Kasey.Lueilwitz@hotmail.com;Buckinghamshire Frozen Personal Loan Account;2022-02-17;Agent reboot North Dakota;false;48475;41822;../fake-data/blob/hipster.txt;2022-02-17T23:16:29;2022-02-17T17:36:33
6;Cayman Islands Dollar driver;Track;Personal Loan Account driver Arizona;monitor;460-615-8504 x919;Polly_Grant@hotmail.com;Intelligent Fresh Chair;2022-02-18;Fantastic Incredible Fresh Shoes;true;4323;66065;../fake-data/blob/hipster.txt;2022-02-18T03:37:10;2022-02-18T08:28:01
7;Applications;Mills Unbranded Steel Shirt payment;contingency Accountability;Practical Soft Shoes;(564) 245-5798 x378;Ana.DuBuque77@hotmail.com;metrics COM Practical Fresh Tuna;2022-02-18;Agent;false;58781;67402;../fake-data/blob/hipster.txt;2022-02-18T05:34:54;2022-02-18T05:39:37
8;Berkshire Supervisor recontextualize;Motorway;Frozen Czech Republic methodology;generating;1-153-752-7866;Lynn.Greenfelder91@gmail.com;grow Shoes;2022-02-17;Senior model;true;498;94376;../fake-data/blob/hipster.txt;2022-02-18T00:38:23;2022-02-18T01:46:23
9;harness;TCP Coordinator Division;Street Monitored;bleeding-edge invoice;804.450.5754 x4352;Deshawn27@yahoo.com;pricing structure gold;2022-02-17;Visionary Car;false;85671;58221;../fake-data/blob/hipster.txt;2022-02-17T16:44:59;2022-02-18T10:38:59
10;Cambridgeshire bricks-and-clicks calculating;Concrete;capability transmit;vertical Accounts FTP;(213) 372-4847 x2733;Jadon.Zboncak@gmail.com;Corporate Sausages;2022-02-18;Granite Switzerland generate;false;18086;53052;../fake-data/blob/hipster.txt;2022-02-17T18:30:21;2022-02-17T11:26:03
